,mean_fit_time,std_fit_time,mean_score_time,std_score_time,param_pca__n_components,param_svc__C,param_svc__gamma,param_svc__kernel,params,split0_test_f1_score,split1_test_f1_score,split2_test_f1_score,split3_test_f1_score,split4_test_f1_score,mean_test_f1_score,std_test_f1_score,rank_test_f1_score,split0_train_f1_score,split1_train_f1_score,split2_train_f1_score,split3_train_f1_score,split4_train_f1_score,mean_train_f1_score,std_train_f1_score,split0_test_precision_score,split1_test_precision_score,split2_test_precision_score,split3_test_precision_score,split4_test_precision_score,mean_test_precision_score,std_test_precision_score,rank_test_precision_score,split0_train_precision_score,split1_train_precision_score,split2_train_precision_score,split3_train_precision_score,split4_train_precision_score,mean_train_precision_score,std_train_precision_score
0,0.01950521469116211,0.000638039966609414,0.004209041595458984,0.00021471882459247934,0.85,0.1,scale,linear,"{'pca__n_components': 0.85, 'svc__C': 0.1, 'svc__gamma': 'scale', 'svc__kernel': 'linear'}",0.5263157894736842,0.9090909090909091,0.5333333333333333,0.8333333333333334,0.7692307692307693,0.7142608268924058,0.156982045021828,62,0.8070175438596491,0.875,0.9230769230769231,0.8679245283018868,0.9230769230769231,0.8792191836630765,0.04290792503442797,0.38461538461538464,1.0,0.4444444444444444,0.8333333333333334,0.7142857142857143,0.6753357753357754,0.23225689962436186,61,0.696969696969697,0.875,0.8571428571428571,0.7931034482758621,0.8571428571428571,0.8158717719062546,0.06566407281897285
1,0.023470354080200196,0.0009457578194572451,0.004160785675048828,0.0007740619595365748,0.85,0.1,scale,rbf,"{'pca__n_components': 0.85, 'svc__C': 0.1, 'svc__gamma': 'scale', 'svc__kernel': 'rbf'}",0.625,0.75,0.6,0.8,0.75,0.7050000000000001,0.07810249675906657,64,0.8888888888888888,0.8,0.9411764705882353,0.8,0.6857142857142857,0.823155929038282,0.08742112977686602,0.5,0.6,0.75,0.6666666666666666,0.6,0.6233333333333333,0.08273115763993905,64,0.8,0.6666666666666666,0.8888888888888888,0.6666666666666666,0.5217391304347826,0.7087922705314009,0.12592986308303677
2,0.021490001678466798,0.002245302933101202,0.0042247772216796875,0.00014820088137373598,0.85,0.1,auto,linear,"{'pca__n_components': 0.85, 'svc__C': 0.1, 'svc__gamma': 'auto', 'svc__kernel': 'linear'}",0.5263157894736842,0.9090909090909091,0.5333333333333333,0.8333333333333334,0.7692307692307693,0.7142608268924058,0.156982045021828,62,0.8070175438596491,0.875,0.9230769230769231,0.8679245283018868,0.9230769230769231,0.8792191836630765,0.04290792503442797,0.38461538461538464,1.0,0.4444444444444444,0.8333333333333334,0.7142857142857143,0.6753357753357754,0.23225689962436186,61,0.696969696969697,0.875,0.8571428571428571,0.7931034482758621,0.8571428571428571,0.8158717719062546,0.06566407281897285
3,0.024077701568603515,0.002422184030967856,0.005033349990844727,0.0001916268828387669,0.85,0.1,auto,rbf,"{'pca__n_components': 0.85, 'svc__C': 0.1, 'svc__gamma': 'auto', 'svc__kernel': 'rbf'}",0.24,0.24,0.24,0.24489795918367346,0.24489795918367346,0.2419591836734694,0.0023995001561957683,77,0.24242424242424243,0.24242424242424243,0.24242424242424243,0.24120603015075376,0.24120603015075376,0.24193695751484695,0.0005967996936886157,0.13636363636363635,0.13636363636363635,0.13636363636363635,0.13953488372093023,0.13953488372093023,0.1376321353065539,0.0015535875747039224,77,0.13793103448275862,0.13793103448275862,0.13793103448275862,0.13714285714285715,0.13714285714285715,0.13761576354679803,0.0003861264619165558
4,0.02012977600097656,0.001994221762647657,0.004503202438354492,0.0005609124166009373,0.85,0.5,scale,linear,"{'pca__n_components': 0.85, 'svc__C': 0.5, 'svc__gamma': 'scale', 'svc__kernel': 'linear'}",0.8571428571428571,0.9230769230769231,0.7692307692307693,1.0,0.9230769230769231,0.8945054945054945,0.07726767398350305,7,0.9230769230769231,0.96,0.96,0.8571428571428571,0.9056603773584906,0.9211760315156543,0.03836456018425442,0.75,0.8571428571428571,0.7142857142857143,1.0,0.8571428571428571,0.8357142857142857,0.09999999999999999,41,0.8571428571428571,0.9230769230769231,0.9230769230769231,0.75,0.8275862068965517,0.856176582038651,0.06487391012391285
5,0.023467826843261718,0.0016200587635384282,0.00444645881652832,0.000490073003015578,0.85,0.5,scale,rbf,"{'pca__n_components': 0.85, 'svc__C': 0.5, 'svc__gamma': 'scale', 'svc__kernel': 'rbf'}",1.0,1.0,0.6,0.9090909090909091,0.9090909090909091,0.8836363636363636,0.14753063836436942,14,1.0,1.0,1.0,1.0,1.0,1.0,0.0,1.0,1.0,0.75,1.0,1.0,0.95,0.09999999999999999,15,1.0,1.0,1.0,1.0,1.0,1.0,0.0
6,0.018434906005859376,0.002639229926189828,0.004783010482788086,0.00071963657598522,0.85,0.5,auto,linear,"{'pca__n_components': 0.85, 'svc__C': 0.5, 'svc__gamma': 'auto', 'svc__kernel': 'linear'}",0.8571428571428571,0.9230769230769231,0.7692307692307693,1.0,0.9230769230769231,0.8945054945054945,0.07726767398350305,7,0.9230769230769231,0.96,0.96,0.8571428571428571,0.9056603773584906,0.9211760315156543,0.03836456018425442,0.75,0.8571428571428571,0.7142857142857143,1.0,0.8571428571428571,0.8357142857142857,0.09999999999999999,41,0.8571428571428571,0.9230769230769231,0.9230769230769231,0.75,0.8275862068965517,0.856176582038651,0.06487391012391285
7,0.024672746658325195,0.0008866719450543634,0.0047817230224609375,0.0008019138785705382,0.85,0.5,auto,rbf,"{'pca__n_components': 0.85, 'svc__C': 0.5, 'svc__gamma': 'auto', 'svc__kernel': 'rbf'}",0.5263157894736842,0.9090909090909091,0.5454545454545454,0.24489795918367346,0.24489795918367346,0.4941314324772971,0.2449881264112185,68,0.8070175438596491,0.875,0.9411764705882353,0.24120603015075376,0.24120603015075376,0.6211212149498785,0.313087318345632,0.38461538461538464,1.0,0.6,0.13953488372093023,0.13953488372093023,0.45273703041144897,0.32311448995796543,66,0.696969696969697,0.875,0.8888888888888888,0.13714285714285715,0.13714285714285715,0.54702886002886,0.34144653264966573
8,0.01807875633239746,0.001485678782856756,0.004462432861328125,0.0003221823012149416,0.85,1.0,scale,linear,"{'pca__n_components': 0.85, 'svc__C': 1, 'svc__gamma': 'scale', 'svc__kernel': 'linear'}",0.8571428571428571,0.9230769230769231,0.6666666666666666,0.9230769230769231,0.9230769230769231,0.8586080586080586,0.09930996748911677,35,0.9411764705882353,0.9411764705882353,0.9795918367346939,0.9056603773584906,0.9056603773584906,0.9346531065256289,0.027516375921650005,0.75,0.8571428571428571,0.6666666666666666,0.8571428571428571,0.8571428571428571,0.7976190476190477,0.0775181933147605,47,0.8888888888888888,0.8888888888888888,0.96,0.8275862068965517,0.8275862068965517,0.8785900383141761,0.04907646308886313
9,0.022598075866699218,0.0011032085716296215,0.004261827468872071,0.00043101348976112375,0.85,1.0,scale,rbf,"{'pca__n_components': 0.85, 'svc__C': 1, 'svc__gamma': 'scale', 'svc__kernel': 'rbf'}",0.9090909090909091,1.0,0.6666666666666666,0.9090909090909091,0.9090909090909091,0.8787878787878787,0.11175205402779258,15,1.0,1.0,1.0,1.0,1.0,1.0,0.0,1.0,1.0,1.0,1.0,1.0,1.0,0.0,1,1.0,1.0,1.0,1.0,1.0,1.0,0.0
10,0.018233108520507812,0.0005668361961514134,0.0040604591369628905,0.00013194812241715823,0.85,1.0,auto,linear,"{'pca__n_components': 0.85, 'svc__C': 1, 'svc__gamma': 'auto', 'svc__kernel': 'linear'}",0.8571428571428571,0.9230769230769231,0.6666666666666666,0.9230769230769231,0.9230769230769231,0.8586080586080586,0.09930996748911677,35,0.9411764705882353,0.9411764705882353,0.9795918367346939,0.9056603773584906,0.9056603773584906,0.9346531065256289,0.027516375921650005,0.75,0.8571428571428571,0.6666666666666666,0.8571428571428571,0.8571428571428571,0.7976190476190477,0.0775181933147605,47,0.8888888888888888,0.8888888888888888,0.96,0.8275862068965517,0.8275862068965517,0.8785900383141761,0.04907646308886313
11,0.022931814193725586,0.0011579767183395432,0.004715681076049805,0.0006447522032621176,0.85,1.0,auto,rbf,"{'pca__n_components': 0.85, 'svc__C': 1, 'svc__gamma': 'auto', 'svc__kernel': 'rbf'}",0.5263157894736842,0.9090909090909091,0.5454545454545454,0.24489795918367346,0.24489795918367346,0.4941314324772971,0.2449881264112185,68,0.8070175438596491,0.875,0.9411764705882353,0.24120603015075376,0.24120603015075376,0.6211212149498785,0.313087318345632,0.38461538461538464,1.0,0.6,0.13953488372093023,0.13953488372093023,0.45273703041144897,0.32311448995796543,66,0.696969696969697,0.875,0.8888888888888888,0.13714285714285715,0.13714285714285715,0.54702886002886,0.34144653264966573
12,0.016687297821044923,0.001000997053658421,0.0042321205139160155,0.00024616985111776407,0.85,5.0,scale,linear,"{'pca__n_components': 0.85, 'svc__C': 5, 'svc__gamma': 'scale', 'svc__kernel': 'linear'}",1.0,0.9230769230769231,0.6,0.9090909090909091,0.9090909090909091,0.8682517482517482,0.1383170822346573,31,0.9795918367346939,1.0,0.9795918367346939,0.9795918367346939,0.9795918367346939,0.9836734693877551,0.008163265306122457,1.0,0.8571428571428571,0.75,1.0,1.0,0.9214285714285715,0.10202040612204072,17,0.96,1.0,0.96,0.96,0.96,0.968,0.016000000000000014
13,0.023921632766723634,0.0006914209431254541,0.005037450790405273,0.0008234485076941255,0.85,5.0,scale,rbf,"{'pca__n_components': 0.85, 'svc__C': 5, 'svc__gamma': 'scale', 'svc__kernel': 'rbf'}",0.9090909090909091,1.0,0.6666666666666666,0.9090909090909091,0.9090909090909091,0.8787878787878787,0.11175205402779258,15,1.0,1.0,1.0,1.0,1.0,1.0,0.0,1.0,1.0,1.0,1.0,1.0,1.0,0.0,1,1.0,1.0,1.0,1.0,1.0,1.0,0.0
14,0.017395734786987305,0.0012563312773260255,0.004485797882080078,0.0002123072346353403,0.85,5.0,auto,linear,"{'pca__n_components': 0.85, 'svc__C': 5, 'svc__gamma': 'auto', 'svc__kernel': 'linear'}",1.0,0.9230769230769231,0.6,0.9090909090909091,0.9090909090909091,0.8682517482517482,0.1383170822346573,31,0.9795918367346939,1.0,0.9795918367346939,0.9795918367346939,0.9795918367346939,0.9836734693877551,0.008163265306122457,1.0,0.8571428571428571,0.75,1.0,1.0,0.9214285714285715,0.10202040612204072,17,0.96,1.0,0.96,0.96,0.96,0.968,0.016000000000000014
15,0.025729656219482422,0.0016196225814382095,0.004551315307617187,0.0009743513956232097,0.85,5.0,auto,rbf,"{'pca__n_components': 0.85, 'svc__C': 5, 'svc__gamma': 'auto', 'svc__kernel': 'rbf'}",0.7692307692307693,0.9090909090909091,0.6666666666666666,0.8333333333333334,0.7692307692307693,0.7895104895104895,0.08016614910033097,52,0.8148148148148148,0.8846153846153846,0.9230769230769231,0.8571428571428571,0.9230769230769231,0.8805453805453805,0.041237396926141125,0.7142857142857143,1.0,0.6666666666666666,0.8333333333333334,0.7142857142857143,0.7857142857142858,0.12046772038736683,50,0.7333333333333333,0.8214285714285714,0.8571428571428571,0.75,0.8571428571428571,0.8038095238095238,0.05265297333396309
16,0.01756587028503418,0.0004660100199073115,0.004097414016723633,4.924769922338851e-05,0.85,10.0,scale,linear,"{'pca__n_components': 0.85, 'svc__C': 10, 'svc__gamma': 'scale', 'svc__kernel': 'linear'}",0.9090909090909091,0.9230769230769231,0.5454545454545454,0.9090909090909091,0.9090909090909091,0.8391608391608392,0.14695301299651692,48,1.0,1.0,1.0,1.0,1.0,1.0,0.0,1.0,0.8571428571428571,0.6,1.0,1.0,0.8914285714285715,0.15586493367983836,27,1.0,1.0,1.0,1.0,1.0,1.0,0.0
17,0.022966766357421876,0.0010910864924266908,0.004004812240600586,0.0010063219513174319,0.85,10.0,scale,rbf,"{'pca__n_components': 0.85, 'svc__C': 10, 'svc__gamma': 'scale', 'svc__kernel': 'rbf'}",0.9090909090909091,1.0,0.6666666666666666,0.9090909090909091,0.9090909090909091,0.8787878787878787,0.11175205402779258,15,1.0,1.0,1.0,1.0,1.0,1.0,0.0,1.0,1.0,1.0,1.0,1.0,1.0,0.0,1,1.0,1.0,1.0,1.0,1.0,1.0,0.0
18,0.01874985694885254,0.00331672937178951,0.004214572906494141,0.0003415533471753845,0.85,10.0,auto,linear,"{'pca__n_components': 0.85, 'svc__C': 10, 'svc__gamma': 'auto', 'svc__kernel': 'linear'}",0.9090909090909091,0.9230769230769231,0.5454545454545454,0.9090909090909091,0.9090909090909091,0.8391608391608392,0.14695301299651692,48,1.0,1.0,1.0,1.0,1.0,1.0,0.0,1.0,0.8571428571428571,0.6,1.0,1.0,0.8914285714285715,0.15586493367983836,27,1.0,1.0,1.0,1.0,1.0,1.0,0.0
19,0.025194263458251952,0.008009872131843532,0.005594635009765625,0.001818894503047349,0.85,10.0,auto,rbf,"{'pca__n_components': 0.85, 'svc__C': 10, 'svc__gamma': 'auto', 'svc__kernel': 'rbf'}",0.7692307692307693,1.0,0.7142857142857143,0.9230769230769231,0.8571428571428571,0.8527472527472527,0.10275753606646996,45,0.9230769230769231,0.9230769230769231,0.9411764705882353,0.8421052631578947,0.9411764705882353,0.9141224100976423,0.03690712786655376,0.7142857142857143,1.0,0.625,0.8571428571428571,0.75,0.7892857142857144,0.1289676434661985,49,0.8571428571428571,0.8571428571428571,0.8888888888888888,0.7272727272727273,0.8888888888888888,0.8438672438672438,0.060001103584028014
20,0.02069406509399414,0.0015408973355925141,0.0045245647430419925,0.00015674926262653296,0.9,0.1,scale,linear,"{'pca__n_components': 0.9, 'svc__C': 0.1, 'svc__gamma': 'scale', 'svc__kernel': 'linear'}",0.5,0.9090909090909091,0.5714285714285714,0.8333333333333334,0.7692307692307693,0.7166167166167166,0.1558458991053799,60,0.8070175438596491,0.8979591836734694,0.9230769230769231,0.9019607843137255,0.9230769230769231,0.8906182716001381,0.04307842006120568,0.35714285714285715,1.0,0.5,0.8333333333333334,0.7142857142857143,0.680952380952381,0.22966010574833323,59,0.696969696969697,0.88,0.8571428571428571,0.8518518518518519,0.8571428571428571,0.8286214526214526,0.06654101348352026
21,0.025936698913574217,0.0021217607455752308,0.005362272262573242,0.000245629137096893,0.9,0.1,scale,rbf,"{'pca__n_components': 0.9, 'svc__C': 0.1, 'svc__gamma': 'scale', 'svc__kernel': 'rbf'}",0.5882352941176471,0.6666666666666666,0.5,0.6,0.7058823529411765,0.6121568627450981,0.07078838725989853,65,0.8571428571428571,0.64,0.9411764705882353,0.5853658536585366,0.5925925925925926,0.7232555547964443,0.14726384623890756,0.45454545454545453,0.5,0.5,0.42857142857142855,0.5454545454545454,0.48571428571428577,0.04053113385539541,65,0.75,0.47058823529411764,0.8888888888888888,0.41379310344827586,0.42105263157894735,0.588864571842046,0.19430871064092164
22,0.020158052444458008,0.0005348287065146227,0.0044710636138916016,0.0002284373497400861,0.9,0.1,auto,linear,"{'pca__n_components': 0.9, 'svc__C': 0.1, 'svc__gamma': 'auto', 'svc__kernel': 'linear'}",0.5,0.9090909090909091,0.5714285714285714,0.8333333333333334,0.7692307692307693,0.7166167166167166,0.1558458991053799,60,0.8070175438596491,0.8979591836734694,0.9230769230769231,0.9019607843137255,0.9230769230769231,0.8906182716001381,0.04307842006120568,0.35714285714285715,1.0,0.5,0.8333333333333334,0.7142857142857143,0.680952380952381,0.22966010574833323,59,0.696969696969697,0.88,0.8571428571428571,0.8518518518518519,0.8571428571428571,0.8286214526214526,0.06654101348352026
23,0.02376446723937988,0.0009469672939317171,0.00544133186340332,0.0002386068363808151,0.9,0.1,auto,rbf,"{'pca__n_components': 0.9, 'svc__C': 0.1, 'svc__gamma': 'auto', 'svc__kernel': 'rbf'}",0.24,0.24,0.24,0.24489795918367346,0.24489795918367346,0.2419591836734694,0.0023995001561957683,77,0.24242424242424243,0.24242424242424243,0.24242424242424243,0.24120603015075376,0.24120603015075376,0.24193695751484695,0.0005967996936886157,0.13636363636363635,0.13636363636363635,0.13636363636363635,0.13953488372093023,0.13953488372093023,0.1376321353065539,0.0015535875747039224,77,0.13793103448275862,0.13793103448275862,0.13793103448275862,0.13714285714285715,0.13714285714285715,0.13761576354679803,0.0003861264619165558
24,0.01884632110595703,0.000840186036268411,0.004519844055175781,0.00031684272317406145,0.9,0.5,scale,linear,"{'pca__n_components': 0.9, 'svc__C': 0.5, 'svc__gamma': 'scale', 'svc__kernel': 'linear'}",0.8571428571428571,0.9230769230769231,0.6666666666666666,1.0,1.0,0.8893772893772894,0.12349049648628918,11,0.9230769230769231,0.96,0.9795918367346939,0.9056603773584906,0.9056603773584906,0.9347979029057196,0.029923283122017072,0.75,0.8571428571428571,0.6666666666666666,1.0,1.0,0.8547619047619047,0.13307798678554403,36,0.8571428571428571,0.9230769230769231,0.96,0.8275862068965517,0.8275862068965517,0.8790784388025766,0.0534195382255335
25,0.025199270248413085,0.002965929410847705,0.005167913436889648,0.00028780985527891657,0.9,0.5,scale,rbf,"{'pca__n_components': 0.9, 'svc__C': 0.5, 'svc__gamma': 'scale', 'svc__kernel': 'rbf'}",1.0,1.0,0.6666666666666666,0.9090909090909091,1.0,0.9151515151515153,0.12913500456159102,1,1.0,1.0,1.0,1.0,1.0,1.0,0.0,1.0,1.0,1.0,1.0,1.0,1.0,0.0,1,1.0,1.0,1.0,1.0,1.0,1.0,0.0
26,0.018303632736206055,0.0003797632732881022,0.004560136795043945,0.00039507535800516555,0.9,0.5,auto,linear,"{'pca__n_components': 0.9, 'svc__C': 0.5, 'svc__gamma': 'auto', 'svc__kernel': 'linear'}",0.8571428571428571,0.9230769230769231,0.6666666666666666,1.0,1.0,0.8893772893772894,0.12349049648628918,11,0.9230769230769231,0.96,0.9795918367346939,0.9056603773584906,0.9056603773584906,0.9347979029057196,0.029923283122017072,0.75,0.8571428571428571,0.6666666666666666,1.0,1.0,0.8547619047619047,0.13307798678554403,36,0.8571428571428571,0.9230769230769231,0.96,0.8275862068965517,0.8275862068965517,0.8790784388025766,0.0534195382255335
27,0.024248170852661132,0.0007268478775903708,0.005415773391723633,0.0002711417258872615,0.9,0.5,auto,rbf,"{'pca__n_components': 0.9, 'svc__C': 0.5, 'svc__gamma': 'auto', 'svc__kernel': 'rbf'}",0.5,0.9090909090909091,0.5454545454545454,0.24489795918367346,0.24489795918367346,0.4888682745825602,0.2445223971364459,72,0.8070175438596491,0.8979591836734694,0.9411764705882353,0.24120603015075376,0.24120603015075376,0.6257130516845724,0.3169219913952906,0.35714285714285715,1.0,0.6,0.13953488372093023,0.13953488372093023,0.4472425249169435,0.324456964014575,69,0.696969696969697,0.88,0.8888888888888888,0.13714285714285715,0.13714285714285715,0.54802886002886,0.3424115607546298
28,0.01825685501098633,0.0006314611267681459,0.004193878173828125,0.000167603248477825,0.9,1.0,scale,linear,"{'pca__n_components': 0.9, 'svc__C': 1, 'svc__gamma': 'scale', 'svc__kernel': 'linear'}",0.8571428571428571,0.9230769230769231,0.6666666666666666,1.0,0.9090909090909091,0.871195471195471,0.11202487558293896,29,0.9411764705882353,0.9795918367346939,0.9795918367346939,0.9795918367346939,0.9411764705882353,0.9642256902761105,0.018819609068202084,0.75,0.8571428571428571,0.6666666666666666,1.0,1.0,0.8547619047619047,0.13307798678554403,36,0.8888888888888888,0.96,0.96,0.96,0.8888888888888888,0.9315555555555555,0.034837187452916314
29,0.023974180221557617,0.0009971000537124112,0.00467829704284668,0.0007274671099602748,0.9,1.0,scale,rbf,"{'pca__n_components': 0.9, 'svc__C': 1, 'svc__gamma': 'scale', 'svc__kernel': 'rbf'}",0.9090909090909091,1.0,0.6666666666666666,0.9090909090909091,0.9090909090909091,0.8787878787878787,0.11175205402779258,15,1.0,1.0,1.0,1.0,1.0,1.0,0.0,1.0,1.0,1.0,1.0,1.0,1.0,0.0,1,1.0,1.0,1.0,1.0,1.0,1.0,0.0
30,0.01795201301574707,0.000481857418058899,0.00424957275390625,0.00022652505407693525,0.9,1.0,auto,linear,"{'pca__n_components': 0.9, 'svc__C': 1, 'svc__gamma': 'auto', 'svc__kernel': 'linear'}",0.8571428571428571,0.9230769230769231,0.6666666666666666,1.0,0.9090909090909091,0.871195471195471,0.11202487558293896,29,0.9411764705882353,0.9795918367346939,0.9795918367346939,0.9795918367346939,0.9411764705882353,0.9642256902761105,0.018819609068202084,0.75,0.8571428571428571,0.6666666666666666,1.0,1.0,0.8547619047619047,0.13307798678554403,36,0.8888888888888888,0.96,0.96,0.96,0.8888888888888888,0.9315555555555555,0.034837187452916314
31,0.025417804718017578,0.0016528295662285237,0.0058443546295166016,0.0006650675900791899,0.9,1.0,auto,rbf,"{'pca__n_components': 0.9, 'svc__C': 1, 'svc__gamma': 'auto', 'svc__kernel': 'rbf'}",0.5,0.9090909090909091,0.5454545454545454,0.24489795918367346,0.24489795918367346,0.4888682745825602,0.2445223971364459,72,0.8070175438596491,0.8979591836734694,0.9411764705882353,0.24120603015075376,0.24120603015075376,0.6257130516845724,0.3169219913952906,0.35714285714285715,1.0,0.6,0.13953488372093023,0.13953488372093023,0.4472425249169435,0.324456964014575,69,0.696969696969697,0.88,0.8888888888888888,0.13714285714285715,0.13714285714285715,0.54802886002886,0.3424115607546298
32,0.017527961730957033,0.002180035723482129,0.004288291931152344,0.0003624074269124146,0.9,5.0,scale,linear,"{'pca__n_components': 0.9, 'svc__C': 5, 'svc__gamma': 'scale', 'svc__kernel': 'linear'}",1.0,0.9230769230769231,0.5454545454545454,0.9090909090909091,0.9090909090909091,0.8573426573426574,0.15956319660924936,37,0.9795918367346939,1.0,1.0,1.0,1.0,0.9959183673469388,0.008163265306122458,1.0,0.8571428571428571,0.6,1.0,1.0,0.8914285714285715,0.15586493367983836,27,0.96,1.0,1.0,1.0,1.0,0.992,0.016000000000000014
33,0.02359309196472168,0.0006102862472157094,0.004862356185913086,6.677736250410462e-05,0.9,5.0,scale,rbf,"{'pca__n_components': 0.9, 'svc__C': 5, 'svc__gamma': 'scale', 'svc__kernel': 'rbf'}",0.9090909090909091,1.0,0.6666666666666666,0.9090909090909091,0.9090909090909091,0.8787878787878787,0.11175205402779258,15,1.0,1.0,1.0,1.0,1.0,1.0,0.0,1.0,1.0,1.0,1.0,1.0,1.0,0.0,1,1.0,1.0,1.0,1.0,1.0,1.0,0.0
34,0.017377805709838868,0.0005123964926147676,0.004410743713378906,0.00037083779384122805,0.9,5.0,auto,linear,"{'pca__n_components': 0.9, 'svc__C': 5, 'svc__gamma': 'auto', 'svc__kernel': 'linear'}",1.0,0.9230769230769231,0.5454545454545454,0.9090909090909091,0.9090909090909091,0.8573426573426574,0.15956319660924936,37,0.9795918367346939,1.0,1.0,1.0,1.0,0.9959183673469388,0.008163265306122458,1.0,0.8571428571428571,0.6,1.0,1.0,0.8914285714285715,0.15586493367983836,27,0.96,1.0,1.0,1.0,1.0,0.992,0.016000000000000014
35,0.028093910217285155,0.0033969391955063232,0.005927276611328125,0.0005875091140147552,0.9,5.0,auto,rbf,"{'pca__n_components': 0.9, 'svc__C': 5, 'svc__gamma': 'auto', 'svc__kernel': 'rbf'}",0.7692307692307693,0.9090909090909091,0.5454545454545454,0.8333333333333334,0.7692307692307693,0.7652680652680652,0.12138144887937997,54,0.8461538461538461,0.92,0.9411764705882353,0.8846153846153846,0.9411764705882353,0.9066244343891402,0.03662699135851512,0.7142857142857143,1.0,0.6,0.8333333333333334,0.7142857142857143,0.7723809523809525,0.1356399127876566,52,0.7857142857142857,0.8846153846153846,0.8888888888888888,0.8214285714285714,0.8888888888888888,0.8539072039072039,0.042651059986992305
36,0.017875480651855468,0.0007538499953035223,0.004162311553955078,0.0002005887925769882,0.9,10.0,scale,linear,"{'pca__n_components': 0.9, 'svc__C': 10, 'svc__gamma': 'scale', 'svc__kernel': 'linear'}",1.0,0.9230769230769231,0.5454545454545454,0.9090909090909091,0.9090909090909091,0.8573426573426574,0.15956319660924936,37,1.0,1.0,1.0,1.0,1.0,1.0,0.0,1.0,0.8571428571428571,0.6,1.0,1.0,0.8914285714285715,0.15586493367983836,27,1.0,1.0,1.0,1.0,1.0,1.0,0.0
37,0.022814273834228516,0.0006160993504239358,0.005026769638061523,0.0001942682452915902,0.9,10.0,scale,rbf,"{'pca__n_components': 0.9, 'svc__C': 10, 'svc__gamma': 'scale', 'svc__kernel': 'rbf'}",0.9090909090909091,1.0,0.6666666666666666,0.9090909090909091,0.9090909090909091,0.8787878787878787,0.11175205402779258,15,1.0,1.0,1.0,1.0,1.0,1.0,0.0,1.0,1.0,1.0,1.0,1.0,1.0,0.0,1,1.0,1.0,1.0,1.0,1.0,1.0,0.0
38,0.017302703857421876,0.0005945951225657641,0.00428919792175293,0.00024747005073419144,0.9,10.0,auto,linear,"{'pca__n_components': 0.9, 'svc__C': 10, 'svc__gamma': 'auto', 'svc__kernel': 'linear'}",1.0,0.9230769230769231,0.5454545454545454,0.9090909090909091,0.9090909090909091,0.8573426573426574,0.15956319660924936,37,1.0,1.0,1.0,1.0,1.0,1.0,0.0,1.0,0.8571428571428571,0.6,1.0,1.0,0.8914285714285715,0.15586493367983836,27,1.0,1.0,1.0,1.0,1.0,1.0,0.0
39,0.02394380569458008,0.0013066050377804992,0.005205965042114258,0.00013211776629563942,0.9,10.0,auto,rbf,"{'pca__n_components': 0.9, 'svc__C': 10, 'svc__gamma': 'auto', 'svc__kernel': 'rbf'}",0.7692307692307693,1.0,0.7142857142857143,0.9230769230769231,0.7692307692307693,0.8351648351648352,0.10789395787809737,50,0.9230769230769231,0.9411764705882353,0.9230769230769231,0.8888888888888888,0.9230769230769231,0.9198592257415786,0.016997925879630338,0.7142857142857143,1.0,0.625,0.8571428571428571,0.7142857142857143,0.7821428571428573,0.13190132366156704,51,0.8571428571428571,0.8888888888888888,0.8571428571428571,0.8,0.8571428571428571,0.8520634920634921,0.02878929282223396
40,0.023192548751831056,0.0026744435053504237,0.006473445892333984,0.004100416436152009,0.95,0.1,scale,linear,"{'pca__n_components': 0.95, 'svc__C': 0.1, 'svc__gamma': 'scale', 'svc__kernel': 'linear'}",0.5263157894736842,0.9090909090909091,0.6153846153846154,0.8333333333333334,0.7692307692307693,0.7306710833026623,0.14064997475683344,56,0.8275862068965517,0.8979591836734694,0.9230769230769231,0.8888888888888888,0.9230769230769231,0.8921176251225512,0.035002310614827656,0.38461538461538464,1.0,0.5714285714285714,0.8333333333333334,0.7142857142857143,0.7007326007326007,0.2116493532980734,55,0.7058823529411765,0.88,0.8571428571428571,0.8,0.8571428571428571,0.8200336134453782,0.06289994498311272
41,0.02447052001953125,0.00037135698270498405,0.007160806655883789,0.0036235122545396166,0.95,0.1,scale,rbf,"{'pca__n_components': 0.95, 'svc__C': 0.1, 'svc__gamma': 'scale', 'svc__kernel': 'rbf'}",0.5,0.5454545454545454,0.5,0.42857142857142855,0.6,0.5148051948051948,0.056696009652720765,67,0.8275862068965517,0.5333333333333333,0.9230769230769231,0.4752475247524752,0.4752475247524752,0.6468983025623517,0.19013033975853286,0.35714285714285715,0.375,0.4,0.2727272727272727,0.42857142857142855,0.3666883116883117,0.052778907607210775,75,0.7058823529411765,0.36363636363636365,0.8571428571428571,0.3116883116883117,0.3116883116883117,0.5100076394194042,0.22757654741160183
42,0.020628976821899413,0.0006607384272953555,0.0044056415557861325,0.00017095464022809197,0.95,0.1,auto,linear,"{'pca__n_components': 0.95, 'svc__C': 0.1, 'svc__gamma': 'auto', 'svc__kernel': 'linear'}",0.5263157894736842,0.9090909090909091,0.6153846153846154,0.8333333333333334,0.7692307692307693,0.7306710833026623,0.14064997475683344,56,0.8275862068965517,0.8979591836734694,0.9230769230769231,0.8888888888888888,0.9230769230769231,0.8921176251225512,0.035002310614827656,0.38461538461538464,1.0,0.5714285714285714,0.8333333333333334,0.7142857142857143,0.7007326007326007,0.2116493532980734,55,0.7058823529411765,0.88,0.8571428571428571,0.8,0.8571428571428571,0.8200336134453782,0.06289994498311272
43,0.028807735443115233,0.004128392918619191,0.005968999862670898,0.0006585993353380876,0.95,0.1,auto,rbf,"{'pca__n_components': 0.95, 'svc__C': 0.1, 'svc__gamma': 'auto', 'svc__kernel': 'rbf'}",0.24,0.24,0.24,0.24489795918367346,0.24489795918367346,0.2419591836734694,0.0023995001561957683,77,0.24242424242424243,0.24242424242424243,0.24242424242424243,0.24120603015075376,0.24120603015075376,0.24193695751484695,0.0005967996936886157,0.13636363636363635,0.13636363636363635,0.13636363636363635,0.13953488372093023,0.13953488372093023,0.1376321353065539,0.0015535875747039224,77,0.13793103448275862,0.13793103448275862,0.13793103448275862,0.13714285714285715,0.13714285714285715,0.13761576354679803,0.0003861264619165558
44,0.02133030891418457,0.0037977952155220968,0.00496983528137207,0.00041338998597485743,0.95,0.5,scale,linear,"{'pca__n_components': 0.95, 'svc__C': 0.5, 'svc__gamma': 'scale', 'svc__kernel': 'linear'}",0.8571428571428571,0.9230769230769231,0.6666666666666666,1.0,0.9230769230769231,0.8739926739926739,0.11310558152934963,27,0.9411764705882353,0.96,0.9795918367346939,0.9230769230769231,0.9056603773584906,0.9419011215516685,0.026139726544117423,0.75,0.8571428571428571,0.6666666666666666,1.0,0.8571428571428571,0.8261904761904761,0.11258657540511324,45,0.8888888888888888,0.9230769230769231,0.96,0.8571428571428571,0.8275862068965517,0.8913389752010442,0.04682184648534829
45,0.030564546585083008,0.003392138803924497,0.008109951019287109,0.001633971285082364,0.95,0.5,scale,rbf,"{'pca__n_components': 0.95, 'svc__C': 0.5, 'svc__gamma': 'scale', 'svc__kernel': 'rbf'}",1.0,1.0,0.6666666666666666,0.9090909090909091,1.0,0.9151515151515153,0.12913500456159102,1,1.0,1.0,1.0,1.0,1.0,1.0,0.0,1.0,1.0,1.0,1.0,1.0,1.0,0.0,1,1.0,1.0,1.0,1.0,1.0,1.0,0.0
46,0.019570684432983397,0.0010466938251478613,0.004660654067993164,0.00033419857413934,0.95,0.5,auto,linear,"{'pca__n_components': 0.95, 'svc__C': 0.5, 'svc__gamma': 'auto', 'svc__kernel': 'linear'}",0.8571428571428571,0.9230769230769231,0.6666666666666666,1.0,0.9230769230769231,0.8739926739926739,0.11310558152934963,27,0.9411764705882353,0.96,0.9795918367346939,0.9230769230769231,0.9056603773584906,0.9419011215516685,0.026139726544117423,0.75,0.8571428571428571,0.6666666666666666,1.0,0.8571428571428571,0.8261904761904761,0.11258657540511324,45,0.8888888888888888,0.9230769230769231,0.96,0.8571428571428571,0.8275862068965517,0.8913389752010442,0.04682184648534829
47,0.035242128372192386,0.005061570586796201,0.009076547622680665,0.002044082671106442,0.95,0.5,auto,rbf,"{'pca__n_components': 0.95, 'svc__C': 0.5, 'svc__gamma': 'auto', 'svc__kernel': 'rbf'}",0.5263157894736842,0.9090909090909091,0.5,0.24489795918367346,0.24489795918367346,0.485040523386388,0.24375523191553988,74,0.8275862068965517,0.875,0.9411764705882353,0.24120603015075376,0.24120603015075376,0.625234947557259,0.31562765352924343,0.38461538461538464,1.0,0.5,0.13953488372093023,0.13953488372093023,0.43273703041144895,0.3164055227666769,71,0.7058823529411765,0.875,0.8888888888888888,0.13714285714285715,0.13714285714285715,0.5488113912231559,0.34224697627094613
48,0.018139457702636717,0.0009137210884587705,0.004766225814819336,0.00015197264793196898,0.95,1.0,scale,linear,"{'pca__n_components': 0.95, 'svc__C': 1, 'svc__gamma': 'scale', 'svc__kernel': 'linear'}",0.9230769230769231,0.9230769230769231,0.6666666666666666,1.0,1.0,0.9025641025641026,0.12286306205857377,3,0.9795918367346939,0.9795918367346939,0.9795918367346939,0.9795918367346939,0.9411764705882353,0.9719087635054022,0.01536614645858343,0.8571428571428571,0.8571428571428571,0.6666666666666666,1.0,1.0,0.8761904761904763,0.12270570215928693,33,0.96,0.96,0.96,0.96,0.8888888888888888,0.9457777777777778,0.02844444444444445
49,0.024083805084228516,0.0012536339395522631,0.005348730087280274,0.0003408798554024097,0.95,1.0,scale,rbf,"{'pca__n_components': 0.95, 'svc__C': 1, 'svc__gamma': 'scale', 'svc__kernel': 'rbf'}",0.9090909090909091,1.0,0.6666666666666666,0.9090909090909091,0.9090909090909091,0.8787878787878787,0.11175205402779258,15,1.0,1.0,1.0,1.0,1.0,1.0,0.0,1.0,1.0,1.0,1.0,1.0,1.0,0.0,1,1.0,1.0,1.0,1.0,1.0,1.0,0.0
50,0.018163204193115234,0.0010556081066501529,0.004365730285644531,0.00012512096180657402,0.95,1.0,auto,linear,"{'pca__n_components': 0.95, 'svc__C': 1, 'svc__gamma': 'auto', 'svc__kernel': 'linear'}",0.9230769230769231,0.9230769230769231,0.6666666666666666,1.0,1.0,0.9025641025641026,0.12286306205857377,3,0.9795918367346939,0.9795918367346939,0.9795918367346939,0.9795918367346939,0.9411764705882353,0.9719087635054022,0.01536614645858343,0.8571428571428571,0.8571428571428571,0.6666666666666666,1.0,1.0,0.8761904761904763,0.12270570215928693,33,0.96,0.96,0.96,0.96,0.8888888888888888,0.9457777777777778,0.02844444444444445
51,0.025470161437988283,0.0015596919052521944,0.005915403366088867,0.0007888195339785643,0.95,1.0,auto,rbf,"{'pca__n_components': 0.95, 'svc__C': 1, 'svc__gamma': 'auto', 'svc__kernel': 'rbf'}",0.5263157894736842,0.9090909090909091,0.5,0.24489795918367346,0.24489795918367346,0.485040523386388,0.24375523191553988,74,0.8275862068965517,0.875,0.9411764705882353,0.24120603015075376,0.24120603015075376,0.625234947557259,0.31562765352924343,0.38461538461538464,1.0,0.5,0.13953488372093023,0.13953488372093023,0.43273703041144895,0.3164055227666769,71,0.7058823529411765,0.875,0.8888888888888888,0.13714285714285715,0.13714285714285715,0.5488113912231559,0.34224697627094613
52,0.02066206932067871,0.0030630082573078997,0.006068229675292969,0.002944128835336021,0.95,5.0,scale,linear,"{'pca__n_components': 0.95, 'svc__C': 5, 'svc__gamma': 'scale', 'svc__kernel': 'linear'}",1.0,0.9230769230769231,0.6,0.9090909090909091,0.9090909090909091,0.8682517482517482,0.1383170822346573,31,1.0,1.0,1.0,1.0,1.0,1.0,0.0,1.0,0.8571428571428571,0.75,1.0,1.0,0.9214285714285715,0.10202040612204072,17,1.0,1.0,1.0,1.0,1.0,1.0,0.0
53,0.02686781883239746,0.0049421754272798105,0.00523843765258789,0.00017275821428877064,0.95,5.0,scale,rbf,"{'pca__n_components': 0.95, 'svc__C': 5, 'svc__gamma': 'scale', 'svc__kernel': 'rbf'}",0.9090909090909091,1.0,0.6666666666666666,0.9090909090909091,0.9090909090909091,0.8787878787878787,0.11175205402779258,15,1.0,1.0,1.0,1.0,1.0,1.0,0.0,1.0,1.0,1.0,1.0,1.0,1.0,0.0,1,1.0,1.0,1.0,1.0,1.0,1.0,0.0
54,0.020888233184814455,0.003533690474111929,0.0055371284484863285,0.0016553358480129125,0.95,5.0,auto,linear,"{'pca__n_components': 0.95, 'svc__C': 5, 'svc__gamma': 'auto', 'svc__kernel': 'linear'}",1.0,0.9230769230769231,0.6,0.9090909090909091,0.9090909090909091,0.8682517482517482,0.1383170822346573,31,1.0,1.0,1.0,1.0,1.0,1.0,0.0,1.0,0.8571428571428571,0.75,1.0,1.0,0.9214285714285715,0.10202040612204072,17,1.0,1.0,1.0,1.0,1.0,1.0,0.0
55,0.026196861267089845,0.0011444226860203052,0.005974578857421875,0.0005819700799753326,0.95,5.0,auto,rbf,"{'pca__n_components': 0.95, 'svc__C': 5, 'svc__gamma': 'auto', 'svc__kernel': 'rbf'}",0.4166666666666667,0.9090909090909091,0.5882352941176471,0.9230769230769231,0.8571428571428571,0.7388425300190007,0.20169363698060108,55,0.7272727272727273,0.92,0.9230769230769231,0.8571428571428571,0.7868852459016393,0.8428755506788296,0.0762665376949486,0.2777777777777778,1.0,0.45454545454545453,0.8571428571428571,0.75,0.6678932178932179,0.2647864003635109,63,0.5714285714285714,0.8846153846153846,0.8571428571428571,0.75,0.6486486486486487,0.7423670923670923,0.1195570480900277
56,0.01819267272949219,0.0005532552029073619,0.004697751998901367,0.00022734845632302837,0.95,10.0,scale,linear,"{'pca__n_components': 0.95, 'svc__C': 10, 'svc__gamma': 'scale', 'svc__kernel': 'linear'}",1.0,0.9230769230769231,0.6,0.9090909090909091,0.8,0.8464335664335664,0.13875761239057244,46,1.0,1.0,1.0,1.0,1.0,1.0,0.0,1.0,0.8571428571428571,0.75,1.0,1.0,0.9214285714285715,0.10202040612204072,17,1.0,1.0,1.0,1.0,1.0,1.0,0.0
57,0.02950592041015625,0.003649509743071127,0.0077358722686767575,0.002665267023894095,0.95,10.0,scale,rbf,"{'pca__n_components': 0.95, 'svc__C': 10, 'svc__gamma': 'scale', 'svc__kernel': 'rbf'}",0.9090909090909091,1.0,0.6666666666666666,0.9090909090909091,0.9090909090909091,0.8787878787878787,0.11175205402779258,15,1.0,1.0,1.0,1.0,1.0,1.0,0.0,1.0,1.0,1.0,1.0,1.0,1.0,0.0,1,1.0,1.0,1.0,1.0,1.0,1.0,0.0
58,0.018447399139404297,0.0010104414872777782,0.004562854766845703,0.00037306728768657095,0.95,10.0,auto,linear,"{'pca__n_components': 0.95, 'svc__C': 10, 'svc__gamma': 'auto', 'svc__kernel': 'linear'}",1.0,0.9230769230769231,0.6,0.9090909090909091,0.8,0.8464335664335664,0.13875761239057244,46,1.0,1.0,1.0,1.0,1.0,1.0,0.0,1.0,0.8571428571428571,0.75,1.0,1.0,0.9214285714285715,0.10202040612204072,17,1.0,1.0,1.0,1.0,1.0,1.0,0.0
59,0.02481250762939453,0.000604010409409393,0.005557584762573242,0.0005204823907358356,0.95,10.0,auto,rbf,"{'pca__n_components': 0.95, 'svc__C': 10, 'svc__gamma': 'auto', 'svc__kernel': 'rbf'}",0.7692307692307693,0.9090909090909091,0.5714285714285714,0.9230769230769231,0.7692307692307693,0.7884115884115884,0.12689813876341585,53,0.8727272727272727,0.9230769230769231,0.9230769230769231,0.9056603773584906,0.9230769230769231,0.9095236838633065,0.019595774489347097,0.7142857142857143,1.0,0.5,0.8571428571428571,0.7142857142857143,0.7571428571428572,0.16659862556700858,54,0.7741935483870968,0.8571428571428571,0.8571428571428571,0.8275862068965517,0.8571428571428571,0.834641665342444,0.032319236484316845
60,0.028093576431274414,0.00325809944246383,0.005087757110595703,0.00042049453228858044,128.0,0.1,scale,linear,"{'pca__n_components': 128, 'svc__C': 0.1, 'svc__gamma': 'scale', 'svc__kernel': 'linear'}",0.5263157894736842,0.9090909090909091,0.6153846153846154,0.8333333333333334,0.7692307692307693,0.7306710833026623,0.14064997475683344,56,0.8275862068965517,0.8979591836734694,0.9230769230769231,0.9230769230769231,0.9230769230769231,0.8989552319601583,0.036986748431612516,0.38461538461538464,1.0,0.5714285714285714,0.8333333333333334,0.7142857142857143,0.7007326007326007,0.2116493532980734,55,0.7058823529411765,0.88,0.8571428571428571,0.8571428571428571,0.8571428571428571,0.8314621848739495,0.06341088939610182
61,0.03301262855529785,0.0013281044235694327,0.005927848815917969,0.0001643984465821056,128.0,0.1,scale,rbf,"{'pca__n_components': 128, 'svc__C': 0.1, 'svc__gamma': 'scale', 'svc__kernel': 'rbf'}",0.47619047619047616,0.48,0.5882352941176471,0.4,0.5217391304347826,0.4932329801485812,0.06163763064196574,71,0.8135593220338984,0.4444444444444444,0.9056603773584906,0.42857142857142855,0.4528301886792453,0.6090131522175014,0.20682064939481204,0.3333333333333333,0.3157894736842105,0.45454545454545453,0.25,0.35294117647058826,0.34132188760671733,0.06634755805630786,76,0.6857142857142857,0.2857142857142857,0.8275862068965517,0.2727272727272727,0.2926829268292683,0.47288499557633273,0.2360838962232541
62,0.030089902877807616,0.0035610330168436926,0.006341791152954102,0.0017316193949625603,128.0,0.1,auto,linear,"{'pca__n_components': 128, 'svc__C': 0.1, 'svc__gamma': 'auto', 'svc__kernel': 'linear'}",0.5263157894736842,0.9090909090909091,0.6153846153846154,0.8333333333333334,0.7692307692307693,0.7306710833026623,0.14064997475683344,56,0.8275862068965517,0.8979591836734694,0.9411764705882353,0.9230769230769231,0.9230769230769231,0.9025751414624207,0.039938342686322174,0.38461538461538464,1.0,0.5714285714285714,0.8333333333333334,0.7142857142857143,0.7007326007326007,0.2116493532980734,55,0.7058823529411765,0.88,0.8888888888888888,0.8571428571428571,0.8571428571428571,0.8378113912231558,0.06714383332747048
63,0.03522443771362305,0.00591711846950818,0.006241130828857422,0.0007222713586174771,128.0,0.1,auto,rbf,"{'pca__n_components': 128, 'svc__C': 0.1, 'svc__gamma': 'auto', 'svc__kernel': 'rbf'}",0.24,0.24,0.24,0.24489795918367346,0.24489795918367346,0.2419591836734694,0.0023995001561957683,77,0.24242424242424243,0.24242424242424243,0.24242424242424243,0.24120603015075376,0.24120603015075376,0.24193695751484695,0.0005967996936886157,0.13636363636363635,0.13636363636363635,0.13636363636363635,0.13953488372093023,0.13953488372093023,0.1376321353065539,0.0015535875747039224,77,0.13793103448275862,0.13793103448275862,0.13793103448275862,0.13714285714285715,0.13714285714285715,0.13761576354679803,0.0003861264619165558
64,0.02527627944946289,0.0010974924432523038,0.004938840866088867,0.00047286657391154617,128.0,0.5,scale,linear,"{'pca__n_components': 128, 'svc__C': 0.5, 'svc__gamma': 'scale', 'svc__kernel': 'linear'}",0.8571428571428571,0.9230769230769231,0.7692307692307693,1.0,0.9230769230769231,0.8945054945054945,0.07726767398350305,7,0.96,0.9795918367346939,0.9795918367346939,0.9411764705882353,0.9056603773584906,0.9532041042832227,0.027726806482710746,0.75,0.8571428571428571,0.7142857142857143,1.0,0.8571428571428571,0.8357142857142857,0.09999999999999999,41,0.9230769230769231,0.96,0.96,0.8888888888888888,0.8275862068965517,0.9119104037724728,0.04978045803391935
65,0.034520626068115234,0.005277669707538147,0.005852556228637696,0.0005264765649865178,128.0,0.5,scale,rbf,"{'pca__n_components': 128, 'svc__C': 0.5, 'svc__gamma': 'scale', 'svc__kernel': 'rbf'}",1.0,1.0,0.6,0.9090909090909091,1.0,0.901818181818182,0.15496200547390923,6,1.0,1.0,1.0,1.0,1.0,1.0,0.0,1.0,1.0,0.75,1.0,1.0,0.95,0.09999999999999999,15,1.0,1.0,1.0,1.0,1.0,1.0,0.0
66,0.026285171508789062,0.0019376897884114056,0.0052584648132324215,0.0008128682294370249,128.0,0.5,auto,linear,"{'pca__n_components': 128, 'svc__C': 0.5, 'svc__gamma': 'auto', 'svc__kernel': 'linear'}",0.8571428571428571,0.9230769230769231,0.7692307692307693,1.0,0.9230769230769231,0.8945054945054945,0.07726767398350305,7,0.96,0.9795918367346939,0.9795918367346939,0.9411764705882353,0.9056603773584906,0.9532041042832227,0.027726806482710746,0.75,0.8571428571428571,0.7142857142857143,1.0,0.8571428571428571,0.8357142857142857,0.09999999999999999,41,0.9230769230769231,0.96,0.96,0.8888888888888888,0.8275862068965517,0.9119104037724728,0.04978045803391935
67,0.03313226699829101,0.0014811939493551906,0.005650472640991211,0.0001366288990694831,128.0,0.5,auto,rbf,"{'pca__n_components': 128, 'svc__C': 0.5, 'svc__gamma': 'auto', 'svc__kernel': 'rbf'}",0.5263157894736842,0.9090909090909091,0.5,0.24489795918367346,0.24489795918367346,0.485040523386388,0.24375523191553988,74,0.8275862068965517,0.8979591836734694,0.9411764705882353,0.24120603015075376,0.24120603015075376,0.6298267842919529,0.31937269171998267,0.38461538461538464,1.0,0.5,0.13953488372093023,0.13953488372093023,0.43273703041144895,0.3164055227666769,71,0.7058823529411765,0.88,0.8888888888888888,0.13714285714285715,0.13714285714285715,0.5498113912231559,0.3432045599699387
68,0.03169236183166504,0.010723811938449226,0.006011152267456054,0.0025775385485119046,128.0,1.0,scale,linear,"{'pca__n_components': 128, 'svc__C': 1, 'svc__gamma': 'scale', 'svc__kernel': 'linear'}",0.9230769230769231,0.9230769230769231,0.6666666666666666,1.0,1.0,0.9025641025641026,0.12286306205857377,3,0.9795918367346939,0.9795918367346939,0.9795918367346939,0.9795918367346939,0.96,0.9756734693877551,0.007836734693877556,0.8571428571428571,0.8571428571428571,0.6666666666666666,1.0,1.0,0.8761904761904763,0.12270570215928693,33,0.96,0.96,0.96,0.96,0.9230769230769231,0.9526153846153846,0.014769230769230734
69,0.0315739631652832,0.0009124051241477369,0.005755758285522461,0.0008072296327295219,128.0,1.0,scale,rbf,"{'pca__n_components': 128, 'svc__C': 1, 'svc__gamma': 'scale', 'svc__kernel': 'rbf'}",0.9090909090909091,1.0,0.6666666666666666,0.9090909090909091,0.9090909090909091,0.8787878787878787,0.11175205402779258,15,1.0,1.0,1.0,1.0,1.0,1.0,0.0,1.0,1.0,1.0,1.0,1.0,1.0,0.0,1,1.0,1.0,1.0,1.0,1.0,1.0,0.0
70,0.026550436019897462,0.0028393242202792656,0.004911279678344727,0.0002972324790959603,128.0,1.0,auto,linear,"{'pca__n_components': 128, 'svc__C': 1, 'svc__gamma': 'auto', 'svc__kernel': 'linear'}",0.8571428571428571,0.9230769230769231,0.6666666666666666,1.0,1.0,0.8893772893772894,0.12349049648628918,11,0.9795918367346939,0.9795918367346939,0.9795918367346939,0.9795918367346939,0.96,0.9756734693877551,0.007836734693877556,0.75,0.8571428571428571,0.6666666666666666,1.0,1.0,0.8547619047619047,0.13307798678554403,36,0.96,0.96,0.96,0.96,0.9230769230769231,0.9526153846153846,0.014769230769230734
71,0.024423551559448243,0.007130696344271233,0.0037124156951904297,0.000859009494894874,128.0,1.0,auto,rbf,"{'pca__n_components': 128, 'svc__C': 1, 'svc__gamma': 'auto', 'svc__kernel': 'rbf'}",0.5263157894736842,0.9090909090909091,0.5454545454545454,0.24489795918367346,0.24489795918367346,0.4941314324772971,0.2449881264112185,68,0.8275862068965517,0.8979591836734694,0.9411764705882353,0.24120603015075376,0.24120603015075376,0.6298267842919529,0.31937269171998267,0.38461538461538464,1.0,0.6,0.13953488372093023,0.13953488372093023,0.45273703041144897,0.32311448995796543,66,0.7058823529411765,0.88,0.8888888888888888,0.13714285714285715,0.13714285714285715,0.5498113912231559,0.3432045599699387
72,0.024281120300292967,0.0011993341488962042,0.005172252655029297,0.0004522036360696611,128.0,5.0,scale,linear,"{'pca__n_components': 128, 'svc__C': 5, 'svc__gamma': 'scale', 'svc__kernel': 'linear'}",0.9230769230769231,0.9230769230769231,0.6,0.9090909090909091,0.9090909090909091,0.8528671328671329,0.12658818443501926,41,1.0,1.0,1.0,1.0,1.0,1.0,0.0,0.8571428571428571,0.8571428571428571,0.75,1.0,1.0,0.8928571428571429,0.095831484749991,23,1.0,1.0,1.0,1.0,1.0,1.0,0.0
73,0.026607847213745116,0.008309952412613123,0.004438066482543945,0.001786593166717386,128.0,5.0,scale,rbf,"{'pca__n_components': 128, 'svc__C': 5, 'svc__gamma': 'scale', 'svc__kernel': 'rbf'}",0.9090909090909091,1.0,0.6666666666666666,0.9090909090909091,0.9090909090909091,0.8787878787878787,0.11175205402779258,15,1.0,1.0,1.0,1.0,1.0,1.0,0.0,1.0,1.0,1.0,1.0,1.0,1.0,0.0,1,1.0,1.0,1.0,1.0,1.0,1.0,0.0
74,0.017150306701660158,0.004984109502768237,0.003268575668334961,0.0009523515898171742,128.0,5.0,auto,linear,"{'pca__n_components': 128, 'svc__C': 5, 'svc__gamma': 'auto', 'svc__kernel': 'linear'}",0.9230769230769231,0.9230769230769231,0.6,0.9090909090909091,0.9090909090909091,0.8528671328671329,0.12658818443501926,41,1.0,1.0,1.0,1.0,1.0,1.0,0.0,0.8571428571428571,0.8571428571428571,0.75,1.0,1.0,0.8928571428571429,0.095831484749991,23,1.0,1.0,1.0,1.0,1.0,1.0,0.0
75,0.029125356674194337,0.011535676873820242,0.005517244338989258,0.003418276837579454,128.0,5.0,auto,rbf,"{'pca__n_components': 128, 'svc__C': 5, 'svc__gamma': 'auto', 'svc__kernel': 'rbf'}",0.4,0.6666666666666666,0.47619047619047616,0.631578947368421,0.631578947368421,0.561203007518797,0.10415533527980972,66,0.46153846153846156,0.676056338028169,0.6486486486486487,0.7272727272727273,0.5783132530120482,0.6183658857000109,0.09198368172383511,0.25,0.5,0.3333333333333333,0.46153846153846156,0.46153846153846156,0.4012820512820513,0.09435061278448256,74,0.3,0.5106382978723404,0.48,0.5714285714285714,0.4067796610169492,0.45376930606357213,0.0934011354201262
76,0.0171663761138916,0.004746992648461742,0.003306150436401367,0.0007792680384181012,128.0,10.0,scale,linear,"{'pca__n_components': 128, 'svc__C': 10, 'svc__gamma': 'scale', 'svc__kernel': 'linear'}",0.9230769230769231,0.9230769230769231,0.6,0.9090909090909091,0.9090909090909091,0.8528671328671329,0.12658818443501926,41,1.0,1.0,1.0,1.0,1.0,1.0,0.0,0.8571428571428571,0.8571428571428571,0.75,1.0,1.0,0.8928571428571429,0.095831484749991,23,1.0,1.0,1.0,1.0,1.0,1.0,0.0
77,0.026441621780395507,0.010233074659315078,0.0036721229553222656,0.0011522050308608602,128.0,10.0,scale,rbf,"{'pca__n_components': 128, 'svc__C': 10, 'svc__gamma': 'scale', 'svc__kernel': 'rbf'}",0.9090909090909091,1.0,0.6666666666666666,0.9090909090909091,0.9090909090909091,0.8787878787878787,0.11175205402779258,15,1.0,1.0,1.0,1.0,1.0,1.0,0.0,1.0,1.0,1.0,1.0,1.0,1.0,0.0,1,1.0,1.0,1.0,1.0,1.0,1.0,0.0
78,0.02324991226196289,0.007838032672256842,0.0035493850708007814,0.0011253882391833363,128.0,10.0,auto,linear,"{'pca__n_components': 128, 'svc__C': 10, 'svc__gamma': 'auto', 'svc__kernel': 'linear'}",0.9230769230769231,0.9230769230769231,0.6,0.9090909090909091,0.9090909090909091,0.8528671328671329,0.12658818443501926,41,1.0,1.0,1.0,1.0,1.0,1.0,0.0,0.8571428571428571,0.8571428571428571,0.75,1.0,1.0,0.8928571428571429,0.095831484749991,23,1.0,1.0,1.0,1.0,1.0,1.0,0.0
79,0.018831443786621094,0.0007445157923488456,0.003076505661010742,0.00010138699547127606,128.0,10.0,auto,rbf,"{'pca__n_components': 128, 'svc__C': 10, 'svc__gamma': 'auto', 'svc__kernel': 'rbf'}",0.7692307692307693,0.9090909090909091,0.6153846153846154,0.9230769230769231,0.7692307692307693,0.7972027972027972,0.11223721760972798,51,0.8727272727272727,0.9056603773584906,0.9230769230769231,0.9056603773584906,0.9230769230769231,0.9060403747196201,0.01838771067970628,0.7142857142857143,1.0,0.5714285714285714,0.8571428571428571,0.7142857142857143,0.7714285714285715,0.1456862718169367,53,0.7741935483870968,0.8275862068965517,0.8571428571428571,0.8275862068965517,0.8571428571428571,0.828730335293183,0.03030320768939233
80,0.0009864330291748046,0.00016380904817199762,0.0,0.0,256.0,0.1,scale,linear,"{'pca__n_components': 256, 'svc__C': 0.1, 'svc__gamma': 'scale', 'svc__kernel': 'linear'}",,,,,,,,81,,,,,,,,,,,,,,,81,,,,,,,
81,0.0010770320892333984,0.0001448866076148659,0.0,0.0,256.0,0.1,scale,rbf,"{'pca__n_components': 256, 'svc__C': 0.1, 'svc__gamma': 'scale', 'svc__kernel': 'rbf'}",,,,,,,,81,,,,,,,,,,,,,,,81,,,,,,,
82,0.0009207725524902344,8.715508476123076e-05,0.0,0.0,256.0,0.1,auto,linear,"{'pca__n_components': 256, 'svc__C': 0.1, 'svc__gamma': 'auto', 'svc__kernel': 'linear'}",,,,,,,,81,,,,,,,,,,,,,,,81,,,,,,,
83,0.0011196136474609375,0.00022747001731081995,0.0,0.0,256.0,0.1,auto,rbf,"{'pca__n_components': 256, 'svc__C': 0.1, 'svc__gamma': 'auto', 'svc__kernel': 'rbf'}",,,,,,,,81,,,,,,,,,,,,,,,81,,,,,,,
84,0.001091337203979492,0.00022025931611978263,0.0,0.0,256.0,0.5,scale,linear,"{'pca__n_components': 256, 'svc__C': 0.5, 'svc__gamma': 'scale', 'svc__kernel': 'linear'}",,,,,,,,81,,,,,,,,,,,,,,,81,,,,,,,
85,0.0011054039001464843,7.967699219348601e-05,0.0,0.0,256.0,0.5,scale,rbf,"{'pca__n_components': 256, 'svc__C': 0.5, 'svc__gamma': 'scale', 'svc__kernel': 'rbf'}",,,,,,,,81,,,,,,,,,,,,,,,81,,,,,,,
86,0.0010124683380126954,5.4919677001144944e-05,0.0,0.0,256.0,0.5,auto,linear,"{'pca__n_components': 256, 'svc__C': 0.5, 'svc__gamma': 'auto', 'svc__kernel': 'linear'}",,,,,,,,81,,,,,,,,,,,,,,,81,,,,,,,
87,0.00101776123046875,0.00014328424218517714,0.0,0.0,256.0,0.5,auto,rbf,"{'pca__n_components': 256, 'svc__C': 0.5, 'svc__gamma': 'auto', 'svc__kernel': 'rbf'}",,,,,,,,81,,,,,,,,,,,,,,,81,,,,,,,
88,0.0009597301483154297,0.00014681185002281443,0.0,0.0,256.0,1.0,scale,linear,"{'pca__n_components': 256, 'svc__C': 1, 'svc__gamma': 'scale', 'svc__kernel': 'linear'}",,,,,,,,81,,,,,,,,,,,,,,,81,,,,,,,
89,0.000913238525390625,8.009240576273577e-05,0.0,0.0,256.0,1.0,scale,rbf,"{'pca__n_components': 256, 'svc__C': 1, 'svc__gamma': 'scale', 'svc__kernel': 'rbf'}",,,,,,,,81,,,,,,,,,,,,,,,81,,,,,,,
90,0.0009272098541259766,9.719235069246343e-05,0.0,0.0,256.0,1.0,auto,linear,"{'pca__n_components': 256, 'svc__C': 1, 'svc__gamma': 'auto', 'svc__kernel': 'linear'}",,,,,,,,81,,,,,,,,,,,,,,,81,,,,,,,
91,0.0010103225708007813,0.00020508702425934148,0.0,0.0,256.0,1.0,auto,rbf,"{'pca__n_components': 256, 'svc__C': 1, 'svc__gamma': 'auto', 'svc__kernel': 'rbf'}",,,,,,,,81,,,,,,,,,,,,,,,81,,,,,,,
92,0.0011169910430908203,0.00019686636568685983,0.0,0.0,256.0,5.0,scale,linear,"{'pca__n_components': 256, 'svc__C': 5, 'svc__gamma': 'scale', 'svc__kernel': 'linear'}",,,,,,,,81,,,,,,,,,,,,,,,81,,,,,,,
93,0.0010345458984375,0.00015764227796161026,0.0,0.0,256.0,5.0,scale,rbf,"{'pca__n_components': 256, 'svc__C': 5, 'svc__gamma': 'scale', 'svc__kernel': 'rbf'}",,,,,,,,81,,,,,,,,,,,,,,,81,,,,,,,
94,0.0012225627899169922,0.0004242522160317832,0.0,0.0,256.0,5.0,auto,linear,"{'pca__n_components': 256, 'svc__C': 5, 'svc__gamma': 'auto', 'svc__kernel': 'linear'}",,,,,,,,81,,,,,,,,,,,,,,,81,,,,,,,
95,0.0011549949645996093,0.00011023610899557397,0.0,0.0,256.0,5.0,auto,rbf,"{'pca__n_components': 256, 'svc__C': 5, 'svc__gamma': 'auto', 'svc__kernel': 'rbf'}",,,,,,,,81,,,,,,,,,,,,,,,81,,,,,,,
96,0.00165252685546875,0.0007069247712456046,0.0,0.0,256.0,10.0,scale,linear,"{'pca__n_components': 256, 'svc__C': 10, 'svc__gamma': 'scale', 'svc__kernel': 'linear'}",,,,,,,,81,,,,,,,,,,,,,,,81,,,,,,,
97,0.0012920856475830077,7.571096007236664e-05,0.0,0.0,256.0,10.0,scale,rbf,"{'pca__n_components': 256, 'svc__C': 10, 'svc__gamma': 'scale', 'svc__kernel': 'rbf'}",,,,,,,,81,,,,,,,,,,,,,,,81,,,,,,,
98,0.0010553836822509766,0.00017572433335429023,0.0,0.0,256.0,10.0,auto,linear,"{'pca__n_components': 256, 'svc__C': 10, 'svc__gamma': 'auto', 'svc__kernel': 'linear'}",,,,,,,,81,,,,,,,,,,,,,,,81,,,,,,,
99,0.0008986473083496093,0.00021905680037961848,0.0,0.0,256.0,10.0,auto,rbf,"{'pca__n_components': 256, 'svc__C': 10, 'svc__gamma': 'auto', 'svc__kernel': 'rbf'}",,,,,,,,81,,,,,,,,,,,,,,,81,,,,,,,
